labels,s11,s12,s21,s22,s31,s32,s41,s42,s51,s52
1,-0.000136476,-0.000332978,-0.061429001,2.124626692,-0.414089117,-1.966293684,3.916546888,3.045651096,28.562549579,12.707112619
2,0.001708988,0.000148909,-1.901543292,0.223849119,-2.838397653,-1.838511179,-2.42261914,-0.467287908,-13.621924751,-6.855979673
1,-0.001558807,0.000609882,0.198708553,-0.203762235,1.919779025,-1.123716958,2.549370859,-0.356660836,12.255373397,-2.42305706
2,-0.000192954,-0.001446991,1.352515666,-0.157206185,-3.262042747,-2.714675269,-3.297477811,0.047977243,-12.800112439,1.204100819
1,0.001583031,-0.00017476,-1.041574217,-0.924330806,-0.250841043,0.540675895,6.240495122,1.708323014,28.031838102,14.958303147
2,0.000241979,0.003207389,-0.87948636,-1.30454697,-9.083063294,0.456971184,1.485904512,0.541998587,-19.572464603,-5.219243905
1,-0.002557646,-0.001333087,1.171946552,0.192295432,0.778460203,-0.72262391,1.92326878,3.450693077,29.951478171,14.326930874
2,0.002199196,0.001748039,2.909384738,-0.186878989,-0.649999314,-2.918302503,-0.913709307,-0.382625802,-14.600629647,0.781261621
1,0.003048308,0.004804806,-0.072400801,-0.138659805,1.15381545,0.589780098,4.215822554,3.587623754,30.646384035,11.666937575
2,-1.6143e-05,-0.002482258,-3.663309192,-1.756634038,-3.459942631,-1.401995763,-0.515699621,-0.602390637,-22.109810833,-3.249301798
1,-0.001951252,0.000792131,-0.055957207,0.623451252,0.12270255,0.04060029,5.520893709,1.824929897,31.619040675,12.570335513
2,0.000490408,-0.00027522,-0.547404299,0.130542283,2.588072636,-0.311351481,4.066593114,-0.96782188,24.35706499,4.330377473
1,0.00117487,-0.004029213,0.942309688,0.900414422,1.929674519,3.33756578,4.543653946,1.317708447,30.417140158,9.492202369
2,0.00129462,0.002746028,2.788965855,0.751044739,4.044369358,-2.22174834,4.145892787,-1.131623145,18.810111178,-0.759403157
1,0.000485928,0.000737885,3.258473145,0.077015694,5.381075075,0.236137384,4.445533818,-1.488673887,22.134272523,-11.465616435
2,-0.000923362,-0.000282635,0.979804734,-2.301382739,-1.468007827,-1.721170852,-2.674472837,-2.473830775,-12.8256619,-6.621658894
1,0.001500086,-0.000843411,3.118582904,-0.915571376,3.239314196,0.838485052,4.547979432,-2.349412239,18.658215478,-10.016952108
2,-0.000850732,-0.00077196,-0.439648041,-2.561677596,-4.806706983,-2.962128981,-5.428469648,-0.614785644,-26.306097289,-9.31857523
1,0.001242883,-0.00079929,0.035607496,-0.347218074,1.801827601,-4.479510816,-0.475777154,-1.84330799,-0.237532404,-4.886111222
2,-0.001062308,0.00217066,0.493330015,2.201365266,0.40202037,3.109747667,-1.385600327,1.301551311,-9.289531706,7.871996168
1,0.003968543,0.002636449,0.26945206,0.893898086,1.812526948,0.352240749,4.208277182,0.518199518,30.063878387,6.55211803
2,-5.2297e-05,-3.1511e-05,-2.011756761,-2.274180842,-4.57613635,-2.294482353,-6.318681444,-1.411163817,-28.777990798,-5.845093659
1,-0.001521,-0.000931835,0.375376769,-1.407826993,1.503399143,-1.291595977,2.181510231,-1.031650433,11.930655017,-4.661626594
2,-0.000760199,-0.00054474,-0.950679073,-1.351891713,-3.3834473,-2.717705881,-4.299463902,-1.976514689,-23.361072494,-12.067240348
1,-0.001142034,0.000946437,0.609990876,1.471519245,1.911927839,0.506744867,5.633160875,0.38504547,29.614170666,3.863612409
2,-0.000989022,0.000958305,-0.992324786,1.026927105,-0.358268488,2.046573337,4.5156739,2.722453524,33.393720092,10.997733263
1,-0.001416753,0.000316661,1.774974682,0.72273096,-0.592857275,0.165084237,4.203929805,1.859687149,31.759899266,14.414561646
2,-0.000261714,0.000391208,-1.600722514,-2.406506891,-2.884718937,-1.14917626,-3.744088647,-0.929446298,-18.198809103,-9.483101916
1,0.002614318,-9.225e-05,3.888585552,0.10530059,4.575911079,4.87356238,0.865526855,2.305273357,3.720055937,14.487230821
2,-0.000487897,0.00023637,-1.179385704,-3.324379023,0.139240305,-3.174496155,-1.058232139,-1.819782994,-8.896203845,-12.581331282
1,0.002039794,0.002321727,0.255330601,1.108813405,1.326474975,-3.667904902,3.551986367,1.24786343,30.392556301,8.076742797
2,-0.000842641,0.001197937,-0.468415762,-2.153210315,3.938885573,0.837590334,5.930633251,-2.207199555,34.879626264,-5.600937357
1,-0.000910701,0.001022606,-1.022949716,-2.389949783,3.245349097,1.689232867,4.447255959,4.051016024,29.728136964,11.270371173
2,0.000104057,-0.000185428,-0.694518926,-0.833367015,2.697769821,0.060150466,2.831793171,-1.30078387,21.019957704,3.883970323
1,0.002749607,-0.001993783,2.22743163,-0.269564258,4.078983254,0.446317947,5.340821318,-1.319987014,34.24968089,-4.273893554
2,-0.000572414,-0.001622938,3.29176389,2.299614208,4.88366664,2.334233004,5.542026133,0.082770472,34.730045008,-4.597781438
1,0.00435591,-0.003250696,2.357520345,-2.634034523,3.083699255,0.542829986,4.562332783,0.153558336,28.88122604,1.262101478
2,0.000938248,0.001090066,-0.471841862,-2.906692227,-3.580349066,-2.384869036,-2.533643794,-0.516594864,-15.189097996,-1.957796553
1,2.1584e-05,0.000987296,-0.316283378,-2.161661099,4.744210514,-0.568498302,3.387219522,-6.570936857,18.106222172,-9.875614617
2,-0.000452996,-0.000472356,1.782908942,-0.123247583,3.085360164,-1.53606248,1.946958765,0.015508308,9.038207117,0.854092571
1,-0.001776138,-0.003497051,3.475638306,-1.968934581,0.301284252,14.028254992,-0.009849448,2.285736084,0.226556257,13.744859982
2,-0.000665007,-0.001096791,-2.069312684,-1.447009518,-2.823680101,-2.644382374,-3.772708217,-1.395431481,-20.402020331,-13.07220301
1,0.001555936,-0.001531194,4.356176252,1.875258706,0.656947988,2.950489478,-0.312176466,2.473555561,-1.600415708,12.977036873
2,-7.8975e-05,-0.000583998,0.635920125,-0.731516174,3.28938539,-0.085991016,2.866991307,-1.043951988,19.493762423,1.327093783
1,-0.004632275,-9.301e-05,-1.492985332,1.207345616,0.582099387,-0.680011747,3.627306716,2.367502124,31.057816055,11.084696295
2,-0.000289434,0.001101959,-2.910042782,-0.371671799,-3.132203526,-1.919196776,-4.101792092,-1.500162211,-19.487446765,-10.948604693
1,-0.006491161,0.002467267,-6.335299875,3.343218696,1.387634853,0.339019634,3.734153005,2.192584433,29.620315463,6.654354667
2,-0.001646776,-0.001634701,-1.821362683,-0.633732963,-3.68351131,-3.95195285,-1.70426078,-4.714493202,-13.019848218,-17.115532369
1,-0.004417683,-0.002832619,0.065184105,-2.156604986,3.034739509,0.087397875,3.970687588,1.086055212,28.896933613,2.445744735
2,0.000286047,0.000845223,0.077246624,-1.681223336,-3.980329569,-2.88703569,-5.361603288,-1.764456972,-27.964755099,-6.555285396
1,0.000399476,0.0020103,0.477381552,-1.549459972,2.901222324,-0.481252426,3.124050342,-0.873755945,21.605884341,2.82686353
2,0.001424586,1.348e-05,1.924321663,-0.967509509,-1.900221541,-2.275782119,-1.214124862,-0.010616196,-13.024373758,-2.497610361
1,0.000365295,-0.00011381,-3.064549049,2.558377375,-4.380971307,3.980294224,-7.475240589,4.15617773,-30.172587512,19.25596589
2,-7.0277e-05,-0.000262432,-0.491509227,-3.418748529,-2.104382838,-3.404703059,-1.496412692,-2.136300203,-11.525685704,-11.20357918
1,0.003937941,-0.002729147,-2.87802187,0.822897956,5.592130511,0.563494769,5.946834497,1.093824339,29.439524975,5.705945157
2,0.000752906,0.000578846,-1.943135502,-1.069870631,-4.436010554,-2.343372939,-4.307833945,-0.556376951,-26.239926122,-1.154029256
1,-0.000681336,-0.001435209,0.009853386,0.866581355,3.013473278,1.824877723,6.028707285,-0.844102824,31.553250134,1.483773377
2,0.001076583,0.000505099,0.172317252,0.80787891,-3.896809709,-2.892966082,-4.184499022,-1.332796598,-17.422038467,-13.69963945
1,-0.001444565,-0.001746282,-1.336403968,-0.598634899,4.446777504,1.078096706,5.024145518,-1.72737519,21.132972679,-10.975284414
2,0.0005435,3.8592e-05,-0.271969084,-2.035520314,-4.645701783,-2.344518319,-3.281608455,-0.283309777,-19.784044386,0.067288569
1,0.001655615,-0.000625023,-3.225575945,2.626487634,2.040386983,3.48961626,-0.82092317,1.760010519,3.42267288,11.632988515
2,-0.000429321,0.001689694,-0.92326309,-1.784965018,-2.981697463,-2.877615449,-3.186167881,-1.7167034,-21.523421894,-9.251667524
1,0.002904894,0.001338252,2.351388557,2.380343053,2.646809596,4.188982766,0.31001843,1.282912826,1.410762012,13.244359409
2,0.00029001,-0.001018683,-0.593230006,2.152814482,-4.886482785,0.90547329,-6.762585959,2.230375607,-29.557504875,10.069930033
1,0.00199532,-0.0008968,0.548692386,-0.811014369,4.267278644,-0.16965743,4.190974195,-2.282237453,16.99378919,-0.734970836
2,0.001258095,-0.000948366,3.576246463,-0.84152195,3.693572795,-0.025312211,5.869351554,-1.6254745,24.398212028,-13.897877974
1,0.000757768,-0.001366441,0.752818292,0.93201652,4.427553029,3.105783708,5.209279911,1.235855545,29.13108482,-9.910542966
2,-0.000610556,0.00198241,0.357486229,0.579885759,4.396186848,-0.299804644,3.647232488,-0.258910062,32.991108926,1.23836071
1,-0.000413443,0.002332578,1.80162978,2.097048348,-6.324922823,6.570657161,-5.377667327,5.050134214,-28.962513705,19.585362922
2,0.001429985,-0.000898722,0.757153387,0.177965002,4.947194253,1.713613667,5.332650247,-0.238100666,31.228683214,-11.190029016
1,-0.000181467,-0.001558915,1.064736452,1.458060018,2.710114267,3.306186926,0.830472583,1.476546432,4.183590502,13.346253491
2,0.000574426,0.000551844,-1.671411717,-0.888602083,-0.990592982,-2.325190618,-1.983053437,-1.976458071,-22.663965114,-16.2700114
1,0.002358092,0.002596467,4.003794386,2.132297774,2.859665351,6.096516314,0.283968763,2.286801168,0.732858889,14.408329584
2,-0.002329362,-0.000532962,-2.123254567,-1.28538612,-2.667169943,-2.204956869,-2.443283947,-0.701604845,-14.834137018,-2.879326352
1,-0.008986464,0.002021591,3.192800723,1.769153785,2.596050366,0.798894058,0.288104424,2.117255628,2.795475509,13.251022388
2,0.000662987,-0.000931419,1.185443229,0.480501863,5.556581851,0.253859961,6.857252869,0.404943651,33.444454693,1.20345522
1,0.004102238,-0.004060361,3.808131796,0.928434413,2.273437532,-13.466925478,0.777235392,2.040249092,2.884519681,12.588114283
2,0.001388801,0.000555352,1.023102612,3.406670023,0.704475913,5.462881734,-1.546462365,3.545137738,-6.975314347,12.881554978
1,0.000141879,-0.000749904,3.816888034,1.393030951,1.075193001,3.757030151,-0.041720762,2.273588511,-0.135700528,16.101188815
2,-0.000482698,-9.1778e-05,-0.135128011,0.690783149,0.728192621,3.821391667,-1.51950125,2.606099581,-6.930341526,11.516390705
1,-0.001012145,-0.000213074,-0.006388568,0.86607466,1.585290377,0.833845833,4.78163229,2.386494818,31.588286283,8.04485508
2,-0.000486676,-0.00061303,0.906626437,-1.146561692,4.363456913,1.052477121,4.515362559,-1.025508141,19.507385396,-1.012721528
1,-0.000542523,0.000607893,2.377626415,3.034834897,4.826220298,7.016085329,0.333455937,2.787528484,-0.686739725,13.830129403
2,0.001267615,-0.005532288,1.368392523,-1.408566517,0.203259795,3.158069858,-1.728983122,1.052563207,-9.773105646,8.387659171
1,0.001202547,-0.002268634,0.036590984,-1.101955975,1.622884877,-1.523736087,2.195640042,-1.503486629,6.745335692,-9.92840459
2,0.001082443,-0.001862086,0.982569973,-1.460866091,2.121441081,-1.610540458,-0.731192818,-1.873878607,9.426109792,-10.177908264
1,0.003030872,0.00237134,0.6967753,-1.099028081,1.978295404,-1.256192379,2.609991061,-1.523888946,12.963408208,-7.738276128
2,0.001606302,0.000610752,1.299220573,0.803827734,2.59019475,-1.958491141,4.046646988,0.994936587,14.150728239,-13.113299083
1,-0.002967693,-0.000189195,-0.674644843,-5.271945623,-1.394340905,-0.601882387,-3.786977672,-2.639634142,-1.715080129,-6.971463928
2,-0.000655604,0.000182723,-2.370434223,-1.196984042,-4.346281367,-1.290542291,-3.611557508,-0.117341347,-18.151773776,5.35628202
1,-0.00202827,0.004670984,1.837019353,0.228743973,3.612924009,2.300048001,0.980402376,2.040389572,4.031014309,11.831078287
2,0.000185197,-0.001621075,0.689320302,-1.050540116,-1.928325146,-3.041386712,-1.603059226,-1.778535066,-9.358371941,-4.896458342
1,0.000895925,-0.000246824,-0.560961624,-0.638409674,0.50655288,-2.378754312,-0.346124343,-1.977359719,-0.032615393,-12.193615712
2,1.8456e-05,-0.000727485,1.269698248,-1.658078035,-1.592770289,-3.343175939,-2.273424386,-1.425393156,-10.901190848,-10.914091905
1,-0.001751145,-0.002855038,-0.471055647,-0.447207471,-0.16882927,-2.370891422,-0.535220683,-1.34762818,-2.454139476,-9.750398742
2,0.000612088,-0.000259383,-0.633452334,1.156867951,-1.058998461,4.793245476,-2.328078181,4.357644898,-10.109276237,15.693917653
1,0.000892808,-0.004982227,-2.568822779,5.784700288,0.255806126,5.664323588,-1.649120106,3.668736673,-10.243589998,18.166638587
1,-0.000431524,-4.9064e-05,-2.321224727,5.620439179,-2.218298511,4.308732417,-2.638243529,4.297548522,-11.97484377,19.654371146
2,0.000766058,-0.000714575,-2.098907377,-1.097153109,-2.641889596,-1.681744009,-3.009950214,-1.309836992,-15.202807183,-9.846433096
1,-0.004399541,-0.000906256,0.654098659,0.078537314,0.2251525,-1.728624061,0.685625117,-0.764723927,8.342301435,-6.271463689
2,-0.000112737,0.000534717,-1.484251206,-0.162186618,-0.208393688,0.599471138,4.337974051,2.356720716,27.447118703,15.895745493
1,-0.000353053,0.002966759,2.380177518,0.966534613,3.434285943,1.087778543,8.022326627,0.99054516,29.217416636,0.618833691
2,-0.004570234,-0.002171503,0.129820272,-6.261643928,-3.075352957,-2.968015217,-2.563223469,-3.42624872,-24.643838766,-9.689407526
1,-0.002623121,-0.003298663,-0.670479888,2.454049203,1.727177172,0.719773361,4.169891628,3.511815485,28.228995107,5.289173397
2,0.000431017,-0.001309032,-0.863982683,1.033379388,-0.241718464,-5.187253674,-3.151445832,-3.332880854,-5.819745721,-14.515967545
1,0.001456037,-0.00064379,3.764145807,0.435760785,2.603408481,1.973708652,4.489819336,1.219966118,25.867375656,4.785204694
2,-0.003814376,-0.004182907,-1.121735336,-1.241466171,-2.128662117,-0.807877412,-2.239747967,-2.845578015,-18.435011803,-13.080446676
1,-0.002190842,0.000384754,0.901126677,-0.033468097,2.915173102,0.468364691,4.338328719,-0.452933152,27.651066763,1.546061942
2,0.0027152,0.003994171,-1.533495813,-1.446790227,-4.612587234,-2.551885935,-4.490575386,1.3782023,-19.190299639,-12.9294688
1,0.001725919,-0.002338025,-0.699233445,1.618375396,0.406418296,0.563445094,6.218469674,1.246864355,32.813947202,11.904018825
2,0.000707015,0.00084842,-0.078816052,-0.945491744,-2.029761389,-3.250847006,-0.742156748,-1.45868934,-6.807676087,-13.728255754
1,-0.001659263,0.00156393,2.203754083,1.605416059,-2.663237727,5.325058594,-1.868457505,-6.143738472,-11.499119648,18.067412823
2,-0.001122832,0.001104705,-1.245684396,-3.17525296,-1.057222479,-2.968464211,2.95657076,-1.252435625,-5.795530426,-14.730223841
1,0.002122649,0.00411714,-0.470865492,2.04308279,2.890535687,5.30459863,-3.871346128,4.89398253,-12.912295445,19.438157753
2,-0.000693803,-0.002872927,-2.45469777,-1.305194274,-2.814152069,-2.090498789,-3.788829981,0.450656655,-24.994445508,-1.459570199
1,0.001286782,0.00045064,-1.151530045,0.956614128,-2.164148625,-2.608208917,-2.556853033,-1.387474227,-9.80808824,-8.075814952
2,0.000520192,0.002134261,1.226579491,0.192397118,0.919690345,-1.725641169,1.451024634,-1.21509773,2.466581494,-2.359821281
1,0.004466053,0.001051542,0.863028579,-0.855193184,2.685362235,-1.239863224,1.874927297,-0.772687662,9.599041509,-5.061013308
2,-0.000716248,3.4077e-05,-1.614664907,-1.554904398,-2.47110741,-3.384050845,-2.211463479,-2.464896312,-10.287490544,-4.717774587
1,0.000131955,-0.002276002,1.089754124,-2.254734503,3.551566123,0.483285831,5.725898426,-1.01016053,28.523405281,-1.060154859
2,0.000768081,0.005898334,-4.026263982,-1.086417158,-0.230653637,-5.900050362,-1.149178583,-1.929838834,-7.592007803,-4.990094783
1,-0.001003881,-0.000712965,1.600437084,-0.27426382,4.289050567,1.001436797,3.804888355,-1.14944827,16.339350556,-0.19246593
2,2.4138e-05,-0.000695301,-0.836618209,-2.570147632,-2.917192751,-2.299497245,-4.276730944,-0.977719976,-20.363592312,-7.316635372
1,-0.000808171,-0.002987396,2.973851483,-0.219574055,0.351588215,-5.130179344,-0.475560201,-1.640734429,-4.818741281,-9.223860408
2,-0.000782619,-0.000405982,-0.504724334,-3.000650213,-5.310335255,-2.418440157,-4.373520982,-1.817955813,-28.906156144,-10.752532993
1,0.001408368,-0.003194109,3.560590384,2.345567645,2.437353272,3.918917875,0.338203469,2.284472781,2.095879498,10.294160444
2,0.001440621,-0.000388711,2.0598148,-0.950944693,5.343122049,-1.085429424,3.96015077,-2.288336402,17.150766055,-15.338159743
1,-0.004577296,0.004802842,3.104944952,-2.433780102,4.17719206,0.838177828,4.327041331,-1.83191968,28.691799123,-4.918156987
2,0.001012326,-0.001044944,-1.602999456,-1.458049311,-2.288672367,-2.334748479,-2.482999396,-1.662936483,-23.140294095,-14.83805894
1,-0.005918142,-0.000564231,2.746989006,-0.372381453,3.931396193,-0.948678973,5.666543105,-2.567427458,27.212153731,-5.457257671
2,-0.001650996,-0.001569296,-1.157012528,-2.41783978,-3.080697366,-2.778197635,-3.102987193,-2.521353703,3.073747798,-16.470474295
1,0.002845464,0.000877526,-0.077460803,3.005500937,-2.380720692,-1.97812172,-1.510861447,-1.739164526,-7.943738875,-7.547107807
2,-0.000219678,-0.001566661,0.918531379,-0.934687269,2.718045441,-5.006868084,2.159185926,-2.32583354,4.396539192,-18.480257167
1,0.001164147,-0.000683913,-2.597910746,2.610208658,1.174798378,5.488263642,-3.181572004,0.675926675,-11.784120514,16.342036453
2,3.3869e-05,0.002194845,0.442141048,-1.326812747,-0.070627437,-1.432780444,0.770986776,-3.944064925,4.259665863,-18.304654328
1,0.005375615,-0.00430442,-2.187727538,4.354006441,-2.880203857,8.222886487,-3.262418966,4.014531028,-13.873534766,19.233001559
2,0.000247052,0.001181501,-2.199707888,-0.325087167,-4.178533792,0.125879659,-5.208222765,0.251862153,-25.242318173,5.026156653
1,-0.001592352,-0.002992524,-0.567700799,-1.470856945,0.569670709,-3.608334007,0.071324537,-1.714977042,-0.405272827,-7.015545615
2,-0.005447615,-0.004747239,-2.230054675,-3.934471704,-3.117135202,-2.705929393,-4.137116031,-2.06631273,-19.933551416,-6.046330873
1,-0.000430147,-0.002403509,0.076876228,0.118671035,1.537027408,-1.85989586,2.172620161,-1.229731402,2.763139118,-1.551337291
2,0.002060596,0.00393502,-3.393220457,-3.80698385,0.211934455,-2.756545896,-4.171384365,1.212544572,-13.461414925,-16.82235198
1,0.002094328,-0.003770031,0.611872164,-0.603307348,4.015957974,0.838677731,6.835887146,0.87325789,26.132180728,-5.563298007
2,0.000935853,0.000120533,0.220811606,0.495796129,1.871253623,0.342654881,4.707791286,1.368785168,28.202472275,7.411239851
1,-0.00654904,0.004180785,-1.946786624,2.154473116,-3.280585143,-6.523819518,-2.485529251,1.967696995,-19.200735256,-4.11968762
2,0.000798871,0.007165318,-0.385937985,1.708471272,0.176954959,-2.004286591,-2.47727943,-4.222958027,3.045482527,-10.681125875
1,-0.004158075,0.002754353,-5.563231938,0.484867264,1.26179443,-2.326052513,-3.406130625,-0.695256085,-19.828366669,-2.774585876
2,0.001132919,-0.003781356,-1.202966265,-2.499378928,-3.374269758,-2.087424562,-2.577963047,-1.789110434,-19.117234059,-9.41429281
1,-0.000700055,-0.00013055,0.942573217,1.543420028,4.18526946,0.64504463,5.163916165,-1.420699086,26.957593788,-7.428217923
2,0.000857034,-0.000123457,1.700806369,-4.672964223,5.715757288,1.368513105,0.67320607,-3.140797446,14.360241102,-13.272655532
1,0.003229726,0.000878935,0.916086041,-0.941911645,4.025584712,-0.420828238,6.711195904,-1.602422163,26.107257061,-8.540385208
2,-0.00027238,9.8701e-05,-1.656079177,4.569416327,-1.304202977,-2.643709926,-3.625840423,-2.157291321,-28.761842269,-9.498490014
1,0.005399319,0.000833206,6.546020453,-0.391094428,1.803477309,-1.988873309,1.159784766,-0.85529006,7.656119628,-5.318073954
2,0.00105549,-0.002962532,-2.262351623,-2.238082632,-4.410740157,-2.379772868,-3.715628656,-2.468099231,-19.935129499,-4.188927592
1,-0.000366926,0.001690277,-0.671849895,2.6147268,-4.055357392,5.069383229,-6.13266362,3.426465706,-25.846421299,18.220176611
2,-0.005885021,0.010296362,-2.762663318,2.83600332,-9.283672623,-2.723884943,-2.043274294,1.59408507,-20.780280178,-3.894687207
1,0.000603657,-0.005437542,0.372885989,1.32093937,8.256016753,-0.670327685,3.231484609,-1.116514261,14.423508566,-6.216130773
2,0.010225435,-0.000197305,4.627973526,-0.844919768,-15.058710968,-12.945969719,-0.893273036,-0.192505537,-20.21617057,-4.970124353
1,0.0013204,-0.00318144,-3.351211494,0.905163384,-4.467302898,3.797407803,-4.514098232,2.705531527,-23.601486608,15.234912292
2,0.000944657,-0.009120813,-1.586606058,-3.426694899,-13.017190053,7.509979835,7.741608649,-0.890678258,-18.418857106,-5.15656051
1,-0.000621022,0.002680753,-1.955263716,1.479154334,-4.806136607,2.50158781,-6.444865618,2.033886856,-33.122845392,10.337164633
2,0.000183234,0.001024589,-2.026099111,-0.445976281,-4.141145817,-1.955092086,-15.606678006,10.272905096,-20.648071227,-4.598297634
1,-0.001848177,0.000781595,0.768655354,0.429533399,7.44798469,0.450112853,4.493190987,-4.767431145,17.094985221,-4.389033773
2,-0.000122815,-0.000266975,-0.72386345,-0.642744015,1.467952362,-2.725169321,-1.547248692,-2.993209147,-17.230959319,-18.840973294
1,0.003044226,-0.000428366,4.232679594,3.010342411,-5.152548178,2.280265002,-6.359648155,2.155289482,-32.971678047,11.276147781
2,0.000116574,-0.000821936,4.291096465,2.024702268,2.342609566,3.563997993,0.584740949,1.551960573,2.153511084,15.521661139
1,0.002582636,-0.002446995,-0.552515659,1.434298876,-4.447531527,1.820967234,-5.849171384,4.225673013,-33.633067477,12.322595942
2,0.000255797,-0.000121263,0.532301449,-1.241825398,-4.191447057,-1.739859093,-4.109946777,-0.565150289,-25.400039603,-5.934609062
1,-0.001446442,-0.000407639,-0.919722696,3.054126527,-5.762054678,2.038354807,-7.902327381,2.309866322,-34.673246482,11.425270912
2,-0.004921266,-0.00397857,0.174081836,-1.121935352,-3.194239767,-2.990872388,3.652417054,-4.098273744,-23.772116383,-8.590624791
1,-0.002947544,0.000953695,3.134110578,0.314243978,3.326069498,-0.688799177,1.937363691,-1.542947251,15.171055333,-10.802785178
2,-0.000154748,-7.4362e-05,-1.626059687,-2.713304902,-3.557871453,-2.642716376,-4.220060573,-2.443385478,-26.872079162,-11.759783988
1,0.001623566,0.000331687,1.597625908,-0.482857576,4.957510033,0.099066647,5.182712933,-0.650206774,22.467454336,-3.557925547
2,0.000221302,0.001101444,-0.938570196,-0.252294727,-4.264953728,-2.409100819,-4.990307227,-1.467800538,-25.07095256,-8.19784479
1,4.6112e-05,5.0524e-05,0.823885132,0.020323991,3.899643581,3.026229728,5.570197024,-0.913182705,30.100458135,-6.500680918
2,6.3335e-05,-0.000988243,-1.39202932,-2.084340566,-4.036275432,-1.803692208,-4.173023216,-0.957590524,-23.122712537,-5.178690182
1,0.000266357,-0.000849191,2.517098948,0.121916303,5.793003149,0.822179208,5.09635433,-1.33059013,24.089754338,-11.24539244
2,0.0008994,-0.000488416,-0.78118388,-3.274348398,-2.233471948,-1.594069735,-4.106541743,-1.211318014,-22.703093079,-1.69591105
1,8.004e-06,0.000100999,1.51330942,-0.079778811,3.424477966,-0.463148446,3.742637481,-1.512046315,18.953203496,-5.78579268
2,0.002103761,-0.000307184,2.548161603,-1.89349608,-3.210456075,-2.406515733,-3.83494215,-4.525873471,-21.416011848,-4.835717438
1,0.003307519,0.001101186,-0.422050154,-2.310690103,0.685037752,2.202154032,4.459392721,3.728839238,31.177620078,12.660771311
2,0.000826046,0.000687861,-1.244016646,-1.370919372,-2.22510779,-3.422340343,-3.501828706,-1.48728885,-10.807505441,-16.567117117
1,0.001487194,-0.002580234,-0.282031473,-0.068228554,-0.147846828,-1.842011191,4.178630458,5.44631916,28.516209447,13.587491624
2,0.000115212,-0.00068243,-1.248218877,-3.800596366,-3.602080011,-3.572833711,-4.795575791,-2.72549257,-29.626476307,-8.90492861
1,-0.003699529,0.000856561,-3.137698853,0.33028826,-3.3206208,0.595767356,4.561278038,2.756188007,29.012670003,14.394183867
2,0.000262722,-0.001246622,-0.274834052,-2.601766951,-0.659878107,-3.188724149,-0.361332111,-1.999645564,-4.006317401,-14.087441047
1,0.001756758,-0.004444936,-0.958224425,2.60473378,-4.386915229,2.142906493,-6.04393762,2.112761124,-32.119540502,12.104274134
2,0.000195524,0.00062484,0.855936887,0.694296654,-1.819301761,-2.919886459,-1.154423363,-0.671891359,-7.738607768,-8.949601873
1,0.002090461,-0.000182013,-1.981692017,2.719227315,-4.00211553,3.295369405,-6.43988559,3.266670221,-25.892135618,21.870701702
2,0.000596836,0.000279213,3.935864799,2.022034249,-4.961755629,-2.12938645,-4.02387368,-0.000126299,-18.254564875,1.503424387
1,0.000634309,-0.000550563,4.441429719,1.52602033,3.587028364,3.759856991,0.763298117,2.222778197,5.367851484,13.552263604
2,0.000908708,-0.000101387,-0.219052092,-0.773088156,-4.202671334,-2.923608383,-5.218534106,-1.568282038,-23.439646614,-10.194460014
1,0.000955023,0.00041033,-3.447771118,-2.169330038,-2.000696234,-1.482549614,-3.077316039,-3.96892543,-14.678802154,-7.153424129
2,-0.000163651,0.000367249,-0.945810225,-2.675668086,-4.202794964,-0.888058028,-3.639386794,0.294825772,-17.768880111,-3.301905558
1,-0.000351675,0.003309084,1.595510919,0.266429087,2.546808091,3.579744472,0.633603367,0.255231588,1.807815329,8.764717826
2,-0.000245223,-0.000898127,-1.24957793,-0.643052362,-4.161903451,-4.585304514,-1.910530768,-0.849329266,-14.137358272,-16.022022078
1,-0.001721894,0.003317121,1.396456584,-0.907043009,3.707643172,0.313444031,7.047815142,-1.276759231,21.848136928,0.672569206
2,-0.000576804,-0.000451635,3.342957597,0.234099474,4.744055287,1.541348724,2.706129098,2.495704517,8.434601702,4.737462527
1,-0.000305288,0.000346195,1.786433881,-1.945288373,3.412756612,-1.043570736,4.059867791,-2.203607488,31.077647924,-9.79943078
2,-0.000542338,-0.000305096,-1.38421557,-2.525453512,-3.413864763,-2.237619953,-3.868636327,-1.19394113,-23.58143778,-3.738853629
1,-0.004360035,0.001092352,0.255519389,0.233140253,6.854492422,-0.232885737,5.291311222,-3.595694491,29.847916132,-10.20481066
2,-0.000500655,-0.000274335,-0.789374813,-0.739632662,0.933144094,-2.826554373,0.207479935,-0.807400442,-2.786342591,-4.637510108
1,0.004470151,-0.002573519,-3.026385045,4.880213119,-0.844464736,-0.388668612,4.720210321,2.347075649,30.572775706,13.287552399
2,-0.000474739,-0.000874673,-1.584705201,-2.640011489,-2.247731974,-0.903767704,-4.081891791,-0.026358729,-16.531258057,-5.012206399
1,0.001261264,-0.000606669,1.825960246,0.576667365,4.316031473,0.138189969,5.134841239,-5.637074227,22.708991763,-5.373030376
2,9.2611e-05,-0.000753875,0.2486955,-0.452998458,-4.349166738,-0.244742508,-4.961927311,-0.177311033,-23.354995735,1.875429429
1,0.000753185,0.001138803,0.101104388,0.625468924,4.883473566,1.415895932,5.242963003,-1.687628856,22.538754677,-8.425568966
2,-0.00031984,-0.000470845,-1.334096911,-1.826542479,-3.835629667,-1.149165529,-4.656637075,-0.15598124,-26.516358977,2.08651925
1,-0.000982786,0.001578412,1.432621298,-1.15107031,2.44553874,-2.378682593,2.228897095,-1.232155421,9.504136378,-3.465364356
2,0.001560296,-0.000498621,-1.27559811,-1.976000059,-4.582609052,-2.402459148,-4.063264439,-0.456837203,-21.379279307,-1.581778121
1,-0.002065029,0.001572337,2.219225949,-2.151179639,4.801483068,-0.452440348,4.5075602,-3.202849015,18.462459751,-14.972939204
2,0.001606477,0.000525454,3.964974829,0.539216167,-4.042104343,-1.896400842,-3.430461133,-1.02427417,-16.695966028,0.407559069
1,0.002003792,0.000337917,1.034777571,-1.69397354,-0.840007908,-1.836861273,-0.472498322,-1.292787118,-4.005635066,-8.856330259
2,0.000188156,0.000707539,0.816663429,-1.057092088,-4.005230388,-1.418202089,-3.816496973,-0.468957925,-25.605891965,-4.243573912
1,0.002599099,-0.000816347,2.255396391,-0.645057863,5.25731211,-0.090400267,4.632119633,-3.565118601,19.377745315,-13.992203945
2,0.000249167,-0.000289867,1.394307928,0.530321874,6.039049348,1.202716265,4.7807856,-2.047939822,28.555021858,-12.983201209
1,0.001961775,0.000109594,-0.69448307,3.659959852,-5.604486707,1.59209367,-6.511296342,5.490765243,-32.239355596,11.4288091
2,-0.000384481,0.001601945,-1.48118053,-2.928617515,3.889085901,0.346714075,6.258197894,-1.319775282,35.160011573,-3.611480415
1,0.0012062,-0.00165895,-0.666830554,1.827649191,1.909436979,3.945357783,0.432694379,2.270055085,0.007754566,12.743862147
2,-0.000103399,-0.001931879,0.093456001,-0.821868441,-0.8449267,-2.659295327,-0.651334185,-0.739054279,-6.925268524,-4.341572701
1,0.001534868,-0.000156979,2.099446799,2.495502343,1.324152491,4.663687239,0.033874617,3.055257243,-4.904152278,16.092529103
2,-0.000349589,-0.000564179,-3.81127484,-1.600813405,-2.232948324,-3.813765263,-1.998005414,-2.451884979,-13.229382789,-18.122728761
1,0.00124133,-0.000378053,0.999113465,0.741894074,0.568067744,4.312417011,-1.197664684,3.071877598,-7.901439959,14.673640062
2,-0.00052956,-0.001131575,-0.488790427,0.03412679,1.851999084,-0.259963962,3.866105735,-1.207781677,22.763917265,2.706019189
1,-0.002344256,0.003073945,1.730765387,3.976698614,1.488960074,3.210198159,1.640414355,-3.563678724,-0.603917805,14.532514994
2,0.000423821,0.000232986,-1.36866069,-1.848687592,-3.215254348,-3.834252233,-4.226750324,-1.80553617,-25.363112609,-11.102518672
1,-0.002132757,-0.004056935,0.334663193,2.579391823,0.842642223,4.494185161,-1.261091891,4.0007155,-7.125325861,16.120614477
2,0.000493797,0.000443086,1.105437833,1.259865281,-5.578407668,-1.78207473,-2.057942266,-0.582293134,-20.838032046,2.375578198
1,-0.00160315,-0.001347441,-0.843697979,1.603685954,-3.922778668,2.658344118,-3.615749461,2.563819701,-27.122067343,17.099105844
2,-0.000304802,-0.000320861,0.688751866,-0.207499932,4.567636935,-1.280207329,3.512001604,-1.979367846,16.325837488,-15.68810713
1,-7.6065e-05,0.000785658,2.193012697,0.685610666,2.393987711,3.012151975,0.983573536,2.120020235,1.187625371,11.547614528
2,-0.008339937,-0.003555373,-4.913100802,-2.954237422,-3.236222491,-2.228761269,-9.69636685,-1.953144828,-17.593863943,-0.03825468
1,-0.008267223,0.002980848,4.233831822,0.645019809,5.926451487,-0.469281036,5.866264735,-2.632649657,25.363868739,-7.652154339
2,-0.00011276,0.001490541,-1.457709338,-1.051839753,-3.32621809,-3.402573382,-4.077583033,-2.257953189,-17.312218481,-7.49024955
1,0.000272446,-0.001888673,1.331629007,-1.771562046,2.656171018,-2.405155304,0.782138292,-1.619137673,4.152616085,-5.794002244
2,0.000318054,0.001663111,4.403311744,0.943185358,0.496646423,1.285755307,4.60006408,-1.618187267,29.166165208,-12.087477852
1,-0.000829246,0.001823334,1.707553538,0.679632815,2.57652372,0.63754995,4.652109328,-0.405658828,25.724219287,2.145485297
2,0.003721815,0.001636014,-1.960458946,-0.141289588,-4.212858966,-1.235450481,-3.359695457,-0.258399542,-15.774620851,3.215702971
1,0.002127306,-0.007325041,-2.119104523,-4.396608855,2.088849863,-4.261264137,-4.015314313,-1.473812583,2.826638255,-7.850349508
2,0.002905784,0.005392826,3.363994557,6.916423424,3.344385701,5.321015702,-6.957764049,2.356529307,-21.251437417,-5.787097116
1,-0.001325135,-0.001930838,0.404588862,0.328194627,2.553326305,-1.504681772,1.590597345,-1.132421123,7.45796613,-8.459815181
2,0.000829008,-0.002195242,-1.190101097,-2.017385614,-3.579880795,-2.822621393,-3.130982133,-0.611136261,-18.010542647,-6.852232628
1,0.000613279,0.001299868,-0.16541911,-0.205714984,3.39548503,0.290060345,4.530256398,0.020606764,27.12432622,0.290165505
2,-0.00202259,0.001428291,-1.327078504,-2.212363142,-1.335730724,-1.761462685,-2.570973729,-0.549107156,-15.11013876,-8.960462722
1,-0.002284477,0.009783233,0.4208663,4.094029166,7.49175567,1.511936214,-1.534782298,2.198204228,26.926403276,-0.141019613
2,0.002700045,0.000427608,2.417985373,0.068759793,-0.208584019,-4.502361381,-0.064166687,-2.779991102,2.97988082,-16.380027879
1,-0.000821656,-0.003350935,-1.260546172,-0.9224615,4.159006057,-0.300330619,3.666244054,-1.351686041,16.284728399,-4.601633732
2,0.000944722,-4.8607e-05,1.747184968,1.597737346,-4.035663161,-1.15896781,-3.768888591,-0.212621001,-17.951538661,-1.223166533
1,-0.003073259,0.001093274,-0.337587428,-0.738948834,-1.912773556,-0.316825454,-0.180731134,-8.994718062,-0.388745131,-8.796416838
2,0.007637213,0.002712266,-10.439951305,-5.980762955,-19.21825912,-12.706026139,1.401110843,0.257615191,-24.645627785,-9.688392311
1,-0.001599814,-0.000946076,-2.279304817,1.089073497,-4.726044978,4.839006349,-2.254506125,3.985357965,-23.224536817,16.356267147
2,-0.001770771,0.000547515,-1.171442826,-2.292127277,-1.515118785,-2.902489431,-1.345455304,-1.154263586,-1.946658006,-17.158252472
1,0.000517103,0.001621158,-1.642370323,0.265616952,-2.059537542,3.863318657,-6.369797217,2.970531726,-27.980546765,17.133723291
2,-0.000403124,-9.4221e-05,-2.409095599,-3.48392369,-3.680209873,-0.628226426,-4.283115494,-0.363840238,-22.184096073,-6.672493134
1,0.004868451,0.002541266,2.468411162,3.675715933,-4.825523104,3.533217578,-6.003156563,1.546716824,-31.412540802,13.537294227
1,0.003055465,0.003561359,-0.955213536,-1.155539817,-4.33152174,0.635174841,-5.290748384,2.122434414,-27.006156136,4.812127112
1,-0.001999089,0.001897512,-1.521909092,2.835387332,-7.956859641,1.79003579,-9.226845207,2.2075894,-32.790096441,12.347939616
1,0.000521512,0.003508386,-0.022918673,3.248176139,-0.394569301,1.146227948,1.154233188,-0.921007059,2.245907974,-7.202879693
1,-0.000275666,0.000565102,0.580316316,-0.383094282,1.667518324,-1.607471585,1.619294909,-1.064939869,9.444342414,-7.682189463
1,0.001102936,-0.001089144,-1.342538261,-0.203251643,3.367999293,-1.60763094,1.619273175,-2.097653328,7.436232163,-6.538787757
1,-0.004413614,-0.001156678,1.867743727,-3.400913814,2.184522692,-1.573560511,1.658868845,-1.611776412,12.004701518,-6.319872143
1,0.005570836,0.003038489,4.899844023,1.205507444,-4.693221592,-6.343059115,-1.966674746,-3.911890833,-2.797743965,-7.542992738
1,-0.003335728,0.000647591,-0.959169854,2.053216099,1.127169842,3.801808385,-0.054588102,3.707119213,-5.197113831,15.035996354
1,0.002264247,-0.000515981,-2.448682343,0.869747537,1.523872416,4.867876542,-1.247585849,4.210817367,-5.727997403,16.296808236
1,-0.001319058,0.002702335,0.121235178,1.481168053,0.239896767,5.78804733,-0.587392713,3.292552413,-8.47101985,16.494264664
1,0.002240574,-0.000576785,0.016367117,3.59393891,0.820403043,5.474157613,-1.867385329,3.577655537,-7.35869702,17.308700861
1,0.001210448,0.001780119,-2.074162296,0.854896911,-1.099849251,4.391112419,-2.69695764,4.150757553,-9.248092132,17.357603889
1,1.1904e-05,0.00055396,0.835842087,2.486024274,-1.741432148,3.882256974,-2.958617194,3.193237806,-13.065158027,16.387703103
1,-0.000530485,0.00061339,0.496874276,-0.422370023,1.146695619,-2.37893571,0.850227492,-0.680906595,4.340862167,-4.436417338
1,-0.001790842,0.000419078,0.884657367,-1.747640454,1.594336375,-2.196623457,1.006086872,-0.858094871,5.841106556,-5.869137439
1,0.002505951,-0.002651714,1.090043887,-0.343792624,0.841816943,-2.103798483,3.510551927,-1.41700541,3.200420941,-9.757424949
1,0.002056989,-0.000725669,0.503480774,0.30507486,5.439230845,1.125502602,5.414311679,-2.313256881,25.946154177,-4.627529206
1,-0.00272574,-0.000928819,-0.379251237,-1.29469282,0.411736614,-2.793699374,-0.056426675,-1.629761387,-0.790457152,-10.070613981
1,-0.002823169,0.002446035,-1.211304716,-0.334094181,4.401776729,-4.484314643,5.785356349,-1.192489274,7.389941037,-4.086293885
1,-0.00321473,0.006879518,-1.179319722,1.11739854,0.054077135,5.283368116,-4.348718916,0.284446593,1.61933707,-7.776264869
1,0.000489552,-0.002548606,-0.681066335,-0.833430783,0.604462915,-2.531885534,0.346771193,-1.350986033,0.969825322,-8.649174278
1,-0.001675353,0.000727253,-0.638968149,-0.272839682,3.541329471,-2.92475989,1.992765982,0.587895191,6.617189591,-8.240767255
1,-0.000411553,-0.002190821,-1.10207651,-0.643046339,0.999854903,-4.394348678,1.35048479,-1.616275471,2.290580765,-8.168678829
1,-0.004903215,0.001830761,-0.122336808,-0.134796982,-1.848196519,-2.130554227,-1.444885429,-0.88817732,-4.598770977,-8.153471097
1,-0.000865734,-0.000117227,0.609169637,1.668579247,1.291209604,8.388042357,-0.217495208,3.407278338,-5.863991591,15.427939299
1,-0.003237276,0.001488488,-1.62883566,2.387066628,0.911500068,4.182928546,-0.905597935,3.765094777,-8.41846294,17.516567335
1,-0.001809503,0.002325106,1.513458234,-1.893540796,-2.634866398,5.142113107,-4.548708644,6.650634403,-12.148595079,18.66395884
1,-0.000898567,-0.002803153,-1.982024071,0.670137772,-1.142978949,5.63179001,-3.174391293,4.536268492,-10.887146056,19.031505747
1,-0.000871239,0.000309499,-1.77783614,2.863083964,-1.912279465,4.278306179,-3.096320636,3.360942025,-15.226007096,19.627399773
1,-0.002135502,0.000707635,-5.618045565,1.911195907,-5.104231573,4.034863823,-5.448011143,2.161769278,-24.850868821,17.062481298
1,-0.001834239,0.002069488,-1.29373798,-2.805769327,-3.574213242,-0.162838788,-1.542134703,4.701734992,-20.534403871,-2.907402999
1,-0.001210732,0.000139309,-0.451148371,-0.251471566,0.767157762,-2.582737942,1.576867789,-1.407331314,5.677109231,-11.940421286
1,-0.001326917,-0.000236364,-0.349945076,-2.011351665,0.926301408,-2.352453066,-0.810265244,-1.949559743,-7.22397081,-7.678602836
1,-0.00185342,-0.002061533,0.667705245,0.205873898,3.527387319,-0.686157332,3.859424613,-1.96168178,17.199826965,-6.885040976
1,-0.002523257,-0.000626058,0.830375829,-0.380413722,3.71686153,-0.341174558,4.166369237,1.570620946,18.57516135,-14.0961458
1,-0.001978567,-9.9593e-05,1.675037117,-0.460179164,2.410213907,0.30571083,3.966271298,-1.601213338,16.138499943,-8.120219341
1,0.003054105,-0.001137595,1.486043889,-1.375867819,1.123572,-2.818334325,-0.228799808,-1.343277968,-2.917137135,-5.961200493
1,0.002340552,-0.000734165,1.180626928,0.761522051,2.148372263,-1.881303748,2.00734209,-2.976872919,5.002611888,-9.553821597
1,0.000771752,-0.002586101,0.757801607,-0.413727357,2.274998039,0.739121436,3.725760235,-0.677284254,27.291077612,3.196247038
1,-0.000117905,0.002522839,3.272021538,1.347963794,4.505899558,-0.075819008,2.223342859,-1.946653051,16.096019426,-2.84748201
1,-0.000846213,-0.00318361,0.31901985,-1.63243824,1.998016082,-1.892989211,1.980094162,-0.075997886,3.991288801,-11.567273443
1,0.000243297,0.003810017,-3.219756723,-3.028397345,0.750961482,-3.817479096,0.449749947,-1.010423164,1.727938467,-10.212400757
1,-0.00361392,0.001223038,-3.280033606,0.667437539,-4.098633683,5.195236963,-3.389851389,4.035758675,-15.062429546,20.301546437
1,0.001139856,-0.002619589,-1.731273886,1.819272209,-2.487214298,3.296717871,-4.156612377,4.325239557,-16.2339343,20.198200872
1,0.000977113,0.001238415,-2.84964551,1.512265875,-3.421771586,5.675346427,-4.027131285,3.899727897,-22.726419276,20.602936776
1,0.000757267,0.00145195,-1.433944542,5.694638951,-3.880104843,4.344017154,-4.127579238,4.097408823,-23.434259484,19.226204383
1,-0.004399101,0.002022303,-3.352403913,2.344487069,-4.054696609,4.272579743,-5.012499441,4.926706913,-23.829781381,20.666488636
1,-0.003161564,-0.002576987,-2.060100055,0.806753689,-3.466877002,4.045628309,-5.651791329,4.085828923,-24.881704352,19.380384407
1,0.00072048,0.003543636,-1.668182387,-1.262389146,2.799646008,0.774968671,5.669212722,-1.29900218,27.669338466,-1.95284102
1,-0.001083614,0.007209675,5.402577348,0.247632611,2.96423442,1.573976632,4.883549795,-1.48103092,26.405808525,-3.500396356
1,-0.00177716,-0.003357448,0.822030939,-0.918416804,3.787371383,-0.351432465,4.685173781,-0.773539109,24.367837907,-0.954249732
1,-0.000416931,0.001431613,0.61901446,-1.532420995,0.851317442,-2.633918652,1.150601222,-2.10392049,2.093379611,-5.944819928
1,0.003322285,-0.001191591,-0.838942705,-0.875335904,-0.384126563,-2.195938397,-1.0116791,-1.63945562,-4.228266024,-11.088983903
1,6.0159e-05,-0.000141514,-3.322930489,9.322083362,-0.731222932,6.082735577,-2.630996333,4.284799025,-11.18744446,20.612456289
1,1.8646e-05,0.000470351,-0.849674064,5.893798203,0.181882135,5.020855966,-3.276708519,3.928389485,-14.080750345,20.23549716
1,0.000588327,0.001344003,0.235482213,1.897179757,-4.582909031,5.553886977,-1.466596063,3.944247884,-24.271313071,18.912529796
1,-0.001111792,-0.000943597,-2.168594608,1.981895934,-3.9550177,4.277073364,-5.421743877,3.164515429,-24.950478098,20.675701048
1,-0.000695688,-0.001633763,-1.590715385,0.965882246,-2.892145808,4.415896096,-3.852163197,4.032693864,-26.855628554,20.026476228
1,0.004616728,-0.004225349,-1.315615303,1.014146661,6.716879973,0.658743599,5.508350745,-1.508546308,29.174406081,-5.874957377
1,1.8399e-05,-0.001681397,0.722526114,1.45252005,4.112675683,0.120008216,5.048923301,-0.717824385,30.088548453,-3.59963098
1,0.005644802,-0.002036122,0.957326872,1.845584142,-3.975451995,3.788553782,-12.083751536,3.993700431,-24.27833581,17.791354609
1,-0.001371865,-0.004993602,-2.63233344,2.711669288,-4.095809557,3.850622689,-5.508513895,4.351916792,-26.335857227,19.178540848
1,-0.001129823,0.002477764,-2.630576302,4.008616639,-1.726603781,3.644379819,-5.102070005,5.464548834,-29.041950713,17.755823341
1,-0.000879376,-0.001147858,1.000139833,-1.596717927,3.935564289,0.056665824,4.226984053,-3.098974227,18.259673142,-3.544563449
1,0.004556176,-0.003617713,12.795047504,-2.786373197,4.479457991,-3.370504812,5.148559619,-0.669579512,9.165956729,-4.91176592
1,0.000240768,0.002092569,2.05900117,1.702720051,6.558043352,0.015032805,2.975673403,-1.879071647,20.140150399,-7.78686902
1,0.006819886,-0.001026532,1.271128619,3.219556567,2.689112817,-0.104851484,5.356119094,0.600822814,27.357761856,-4.691107626
1,-0.003121805,0.004354046,3.034685317,-5.062960851,6.049613058,-0.415227373,4.76741561,-2.129625577,21.929059599,-7.053594867
1,-0.002773928,-0.003320303,0.209858585,0.591255241,5.961830967,0.538833693,5.95042812,-2.849724678,23.93686426,-7.950995663
1,-0.000576547,0.000170679,-0.380831979,-0.768644026,1.495831641,-2.831340275,-0.595828824,-1.728524396,-2.213962237,-8.241649711
1,0.001712059,0.008680455,-1.939210132,2.766854029,-4.426046703,6.879592291,-5.990857973,2.832365407,-25.830734078,17.523534951
1,0.002193544,-0.002769186,-3.474312241,4.796100437,-4.40881707,4.125117387,-4.37350644,4.205178486,-27.793547346,18.267488545
1,-0.000576372,-0.001747932,-1.364488402,4.170053995,-6.262069522,1.588204162,-4.076523084,1.548355412,-29.695304366,17.009489494
1,0.001136687,0.001581301,-1.251075176,1.613711039,-4.671867781,2.708327178,-5.886422708,1.752326253,-30.547371388,10.598061434
1,-0.004922201,0.00033051,-3.315771213,3.037554553,-5.007732986,0.731163079,-6.490409208,1.735144434,-32.058683223,10.218091614
1,-0.000518427,0.005935057,6.225345022,-0.0551589,5.385212779,1.01307445,4.66554362,-0.881127851,24.549875608,-6.77284472
1,0.000381008,-0.001901988,0.443669687,0.613798562,5.037917578,0.018873407,4.321131375,-0.790492397,20.35033947,-8.687427776
1,0.001325586,-0.000907477,0.722903742,-1.124468665,4.09343674,-0.197339883,6.090919163,-2.512280291,19.206729737,-8.042690373
1,0.003807093,0.002058444,3.04819438,-4.424363142,3.762488442,-0.729826668,4.745527056,1.129312203,17.552043128,-6.458125138
1,-0.00446495,0.00465608,3.226948147,-2.890281721,3.949128484,3.861357414,3.845354619,-1.487905152,25.398599038,-8.906938888
1,0.000821935,0.003146252,-0.422963182,0.160380998,4.931952572,1.293396412,4.770288296,-1.026655191,26.176208749,-6.786109842
1,0.00323801,-0.004349127,0.466562907,0.039029494,5.808794789,1.786967056,4.635641567,1.385741838,24.949942469,-9.71719499
1,0.001382687,0.001086878,-0.459122015,1.725425926,-9.498575701,1.51594528,-7.185629617,3.408697093,-26.9653821,18.202754307
1,-0.002773503,-0.001188954,-3.007079273,2.421923004,-4.013761914,4.170340147,-8.882206202,2.736174391,-29.945222552,16.268754822
1,-0.00343297,-0.003591441,-1.871925829,4.739635971,-4.660684238,-0.085569614,-5.614907534,-1.626435539,-26.955001691,4.920164656
1,-0.002808762,0.001607912,0.221189155,-0.335240071,-1.963988974,1.055027428,-6.518417748,1.690265088,-33.575758878,11.23519409
1,0.00020269,0.000691389,-3.791408449,-2.629329641,-4.388385162,-0.828013861,-4.349648638,-0.853218606,-22.163291043,0.916156055
1,-0.001006469,-0.001150947,0.763311054,0.042282759,3.647055124,0.648315416,4.817098991,1.098220861,24.845565927,-8.595605396
1,0.001970888,-0.000658557,1.071154102,-0.525040095,0.754357396,-0.461527475,2.579069008,-1.176705218,14.322491135,-5.471110299
1,-0.000562048,0.004735939,0.654955907,-1.584776013,1.418498625,-3.158529949,0.161704037,-1.443137724,0.702244849,-10.228726628
1,0.003777653,0.005225873,-5.982465459,-6.664033182,0.190122343,-6.817218653,9.200793945,-10.770794655,12.457213635,-6.023082642
1,-0.000200636,0.000466403,-0.224818561,-0.906077329,1.894121088,-2.932464075,-0.464830542,-1.129969284,7.072686775,-3.348178621
1,0.000327407,0.001537565,0.1149602,-1.456943105,4.872493631,-0.244817286,4.047070668,-0.957245773,20.933195617,-5.337660494
1,0.004534287,-4.3723e-05,-4.13974016,-1.778868465,0.308424465,-6.721909059,5.710849765,-2.091323649,23.668026348,-7.132741144
1,0.000926321,-0.006381726,1.916690283,2.916369527,4.336982737,0.957520486,5.122263569,1.253419061,23.626417946,-6.52601842
1,0.001949909,-0.006466723,-0.576195093,0.124924345,3.34444224,-0.424818988,4.602594279,-1.513578891,25.951150602,-1.985275948
1,-0.001849812,-0.000980739,2.149908129,-0.233269549,2.948268883,0.376576259,3.483395865,-1.207854712,16.125526735,-5.630185992
